metadata	feature	value	coef	stderr	N	N.not.0	pval	qval
site	HISDEG.PWY..L.histidine.degradation.I	swissAlps	0.704427336063632	0.169910434976908	65	0	0.000108002274190348	0.0289446094830133
site	HISDEG.PWY..L.histidine.degradation.I.unclassified	swissAlps	0.704874829294945	0.167921067161677	65	0	9.05761828773222e-05	0.0289446094830133
site	PWY.6386..UDP.N.acetylmuramoyl.pentapeptide.biosynthesis.II..lysine.containing.	swissAlps	0.465000934310237	0.125574588018886	65	0	0.000465599087846542	0.0328876703636793
site	PWY.6386..UDP.N.acetylmuramoyl.pentapeptide.biosynthesis.II..lysine.containing..unclassified	swissAlps	0.472850063281653	0.121202063213796	65	0	0.000244450372731324	0.0328876703636793
site	PWY.7400..L.arginine.biosynthesis.IV..archaebacteria..unclassified	canada	-0.451629814543832	0.121052459430265	65	0	0.000425736088258031	0.0328876703636793
site	PWY.7953..UDP.N.acetylmuramoyl.pentapeptide.biosynthesis.III..meso.diaminopimelate.containing..unclassified	swissAlps	0.46557540800488	0.125410527180767	65	0	0.000451736974323151	0.0328876703636793
site	PWY66.429..fatty.acid.biosynthesis.initiation..mitochondria.	swissAlps	0.497269388221718	0.134890017017832	65	0	0.000490860751696706	0.0328876703636793
site	PWY66.429..fatty.acid.biosynthesis.initiation..mitochondria..unclassified	swissAlps	0.503286172046448	0.130883675007047	65	0	0.000293765361641124	0.0328876703636793
site	P105.PWY..TCA.cycle.IV..2.oxoglutarate.decarboxylase..unclassified	canada	-0.631687589650644	0.176417641175842	65	0	0.00068677621697748	0.0368112052299929
site	PWY.7400..L.arginine.biosynthesis.IV..archaebacteria.	canada	-0.448821648066437	0.124464479321459	65	0	0.000633926696235147	0.0368112052299929
site	P105.PWY..TCA.cycle.IV..2.oxoglutarate.decarboxylase.	canada	-0.629997309207454	0.177759072788566	65	0	0.000770244708381246	0.0373441523764471
site	PWY.7953..UDP.N.acetylmuramoyl.pentapeptide.biosynthesis.III..meso.diaminopimelate.containing.	swissAlps	0.456738578059653	0.129833871347161	65	0	0.000836063112905532	0.0373441523764471
site	PEPTIDOGLYCANSYN.PWY..peptidoglycan.biosynthesis.I..meso.diaminopimelate.containing..unclassified	swissAlps	0.41842487488544	0.120456218115468	65	0	0.000959187209215078	0.0381982220496203
site	PWY.6387..UDP.N.acetylmuramoyl.pentapeptide.biosynthesis.I..meso.diaminopimelate.containing..unclassified	swissAlps	0.417384501390134	0.120598572760856	65	0	0.000997714755027397	0.0381982220496203
site	PWY.6385..peptidoglycan.biosynthesis.III..mycobacteria..unclassified	swissAlps	0.407647391276147	0.118962021730243	65	0	0.00110878241184923	0.0396204915167457
site	PEPTIDOGLYCANSYN.PWY..peptidoglycan.biosynthesis.I..meso.diaminopimelate.containing.	swissAlps	0.411201715898722	0.12451117504028	65	0	0.00161794070420098	0.0537023776213294
site	PWY.6387..UDP.N.acetylmuramoyl.pentapeptide.biosynthesis.I..meso.diaminopimelate.containing.	swissAlps	0.40969165662287	0.124699057636442	65	0	0.00170324705142276	0.0537023776213294
site	PWY.6385..peptidoglycan.biosynthesis.III..mycobacteria.	swissAlps	0.400928611049556	0.123077818117808	65	0	0.0018518449819714	0.0551438283520374
site	PANTO.PWY..phosphopantothenate.biosynthesis.I.unclassified	swissAlps	0.479966463575294	0.154565907716303	65	0	0.00290111278577873	0.0818419185882843
site	UNINTEGRATED.g__Bradyrhizobium.s__Bradyrhizobium_erythrophlei	canada	-0.190523473363844	0.0622572429553756	65	0	0.00330470577664452	0.0885661148140732
site	PANTO.PWY..phosphopantothenate.biosynthesis.I	swissAlps	0.47341588443416	0.15801545161772	65	0	0.00397258331510156	0.101395459852116
site	PWY.6823..molybdopterin.biosynthesis.unclassified	swissAlps	0.398784069355141	0.134318127492743	65	0	0.00428980480385944	0.104515244312212
site	COA.PWY..coenzyme.A.biosynthesis.I..prokaryotic..unclassified	swissAlps	0.494016406730135	0.171965148487145	65	0	0.0056178567753629	0.11293288612651
site	PWY.5686..UMP.biosynthesis.I.unclassified	swissAlps	0.282655761407811	0.0988878532299491	65	0	0.00584705205372266	0.11293288612651
site	PWY.6823..molybdopterin.biosynthesis	swissAlps	0.393389417680802	0.137783809487285	65	0	0.00589947912601171	0.11293288612651
site	PWY.7790..UMP.biosynthesis.II.unclassified	swissAlps	0.282655761407812	0.0982333046926364	65	0	0.00554619144515758	0.11293288612651
site	PWY.7791..UMP.biosynthesis.III.unclassified	swissAlps	0.282655761407812	0.0982333046926364	65	0	0.00554619144515758	0.11293288612651
site	PWY0.1296..purine.ribonucleosides.degradation.unclassified	canada	-0.55354282523131	0.191475228963478	65	0	0.0053410137026027	0.11293288612651
site	PWY0.1296..purine.ribonucleosides.degradation	canada	-0.545800923307412	0.194714333506453	65	0	0.00680741827853347	0.125819868872205
site	UNINTEGRATED.g__Bradyrhizobium.s__Bradyrhizobium_erythrophlei	russia	-0.190523473363844	0.0716384243419862	65	0	0.0100203673745477	0.126878153400819
site	UNINTEGRATED.g__Bradyrhizobium.s__Bradyrhizobium_erythrophlei	swissAlps	-0.190523473363844	0.0716384243419862	65	0	0.0100203673745477	0.126878153400819
site	COA.PWY..coenzyme.A.biosynthesis.I..prokaryotic.	swissAlps	0.486319087496931	0.175113080263439	65	0	0.00730607770236596	0.126878153400819
site	PANTO.PWY..phosphopantothenate.biosynthesis.I	norway	0.552528516796476	0.209264376633025	65	0	0.0105414754982957	0.126878153400819
site	PANTO.PWY..phosphopantothenate.biosynthesis.I.unclassified	norway	0.548451040402586	0.20469604710064	65	0	0.00950640667871341	0.126878153400819
site	PWY.5188..tetrapyrrole.biosynthesis.I..from.glutamate..unclassified	swissAlps	0.309174145469511	0.113448433180743	65	0	0.0084079294041613	0.126878153400819
site	PWY.5686..UMP.biosynthesis.I	swissAlps	0.276876533346631	0.102075273140589	65	0	0.00870115527111017	0.126878153400819
site	PWY.6122..5.aminoimidazole.ribonucleotide.biosynthesis.II.unclassified	swissAlps	0.334819127373625	0.126603030279081	65	0	0.0104225209776707	0.126878153400819
site	PWY.6123..inosine.5..phosphate.biosynthesis.I.unclassified	swissAlps	0.33968326723686	0.127735662306965	65	0	0.0100269492812133	0.126878153400819
site	PWY.6277..superpathway.of.5.aminoimidazole.ribonucleotide.biosynthesis.unclassified	swissAlps	0.334819127373625	0.126603030279081	65	0	0.0104225209776707	0.126878153400819
site	PWY.6700..queuosine.biosynthesis.I..de.novo.	swissAlps	0.316202143549923	0.119938086932816	65	0	0.0106520837743225	0.126878153400819
site	PWY.6700..queuosine.biosynthesis.I..de.novo..unclassified	swissAlps	0.322995401640283	0.117560507493727	65	0	0.00791856168411611	0.126878153400819
site	PWY.7663..gondoate.biosynthesis..anaerobic..unclassified	canada	-0.307716926588076	0.116277740630667	65	0	0.0103742380016026	0.126878153400819
site	PWY.7663..gondoate.biosynthesis..anaerobic..unclassified	russia	-0.353033831177564	0.133798956224224	65	0	0.0105915683588187	0.126878153400819
site	PWY.7790..UMP.biosynthesis.II	swissAlps	0.276876533346631	0.102075273140589	65	0	0.00870115527111017	0.126878153400819
site	PWY.7791..UMP.biosynthesis.III	swissAlps	0.276876533346631	0.102075273140589	65	0	0.00870115527111017	0.126878153400819
site	PWY.5188..tetrapyrrole.biosynthesis.I..from.glutamate.	swissAlps	0.305266481190898	0.116240894889398	65	0	0.0109426334771313	0.127497470146217
site	PWY.7663..gondoate.biosynthesis..anaerobic.	russia	-0.364387486235492	0.139186004006963	65	0	0.0111798154792392	0.127497470146217
site	UNINTEGRATED.g__Bradyrhizobium.s__Bradyrhizobium_erythrophlei	norway	0.241532648618523	0.0948728118637776	65	0	0.0134875130580298	0.14829186444915
site	PWY.6122..5.aminoimidazole.ribonucleotide.biosynthesis.II	swissAlps	0.328150609242615	0.129403604681579	65	0	0.0138390334897195	0.14829186444915
site	PWY.6123..inosine.5..phosphate.biosynthesis.I	swissAlps	0.33052128272726	0.130727154826488	65	0	0.0141098602367661	0.14829186444915
site	PWY.6277..superpathway.of.5.aminoimidazole.ribonucleotide.biosynthesis	swissAlps	0.328150609242615	0.129403604681579	65	0	0.0138390334897195	0.14829186444915
site	PWY.7663..gondoate.biosynthesis..anaerobic.	canada	-0.304591251242672	0.120959344751679	65	0	0.0144838640947967	0.149295214515597
site	HISDEG.PWY..L.histidine.degradation.I.unclassified	norway	0.541775402825709	0.222382666273378	65	0	0.0178267579916642	0.180285703462868
site	HISDEG.PWY..L.histidine.degradation.I	norway	0.54218156655293	0.225017242901715	65	0	0.0190586910399217	0.189175155507371
site	NONMEVIPP.PWY..methylerythritol.phosphate.pathway.I.unclassified	swissAlps	0.280112946054882	0.116654337388411	65	0	0.0194561019935778	0.18960855761014
site	PWY.7977..L.methionine.biosynthesis.IV	canada	-0.256382194917039	0.107118787287169	65	0	0.0198360107012798	0.189858959569392
site	PWY.7977..L.methionine.biosynthesis.IV.unclassified	canada	-0.249707427728301	0.104695322016392	65	0	0.0202509990556388	0.190430447260042
site	NONMEVIPP.PWY..methylerythritol.phosphate.pathway.I	swissAlps	0.275526513730059	0.119142680405339	65	0	0.0241931023241264	0.223577635271237
site	HSERMETANA.PWY..L.methionine.biosynthesis.III	canada	-0.24374732137689	0.105906547385505	65	0	0.0248499459646043	0.225755441305558
site	PWY.6121..5.aminoimidazole.ribonucleotide.biosynthesis.I.unclassified	swissAlps	0.356754589952228	0.160913290047092	65	0	0.0304193447581515	0.271746146506154
site	PWY.841..superpathway.of.purine.nucleotides.de.novo.biosynthesis.I.unclassified	swissAlps	0.319018488523202	0.144652141423997	65	0	0.0312674887689976	0.2747438357407
site	PWY.6124..inosine.5..phosphate.biosynthesis.II.unclassified	swissAlps	0.308468407181863	0.141141870946228	65	0	0.0327652382441415	0.278764566648569
site	PWY.7197..pyrimidine.deoxyribonucleotide.phosphorylation.unclassified	swissAlps	0.251530226188679	0.114766988298117	65	0	0.0322965019147287	0.278764566648569
site	ARGSYNBSUB.PWY..L.arginine.biosynthesis.II..acetyl.cycle..unclassified	swissAlps	0.217670820759924	0.101603622632812	65	0	0.0362325183130554	0.301346937583532
site	PWY.6121..5.aminoimidazole.ribonucleotide.biosynthesis.I	swissAlps	0.349802216849263	0.163561773680739	65	0	0.0365439383263612	0.301346937583532
site	HSERMETANA.PWY..L.methionine.biosynthesis.III.unclassified	canada	-0.253421739146693	0.119713194275413	65	0	0.0384231578791887	0.302068821174112
site	PWY.3001..superpathway.of.L.isoleucine.biosynthesis.I.unclassified	canada	-0.274188670533097	0.129842830449996	65	0	0.0388857251138316	0.302068821174112
site	PWY.7197..pyrimidine.deoxyribonucleotide.phosphorylation	swissAlps	0.248209646891761	0.117022178057022	65	0	0.0380590124765621	0.302068821174112
site	PWY.841..superpathway.of.purine.nucleotides.de.novo.biosynthesis.I	swissAlps	0.312303463980105	0.147852541429183	65	0	0.038835208302223	0.302068821174112
site	PWY66.409..superpathway.of.purine.nucleotide.salvage.unclassified	canada	-0.350455022218564	0.167205337278241	65	0	0.0403126422131268	0.3086796603748
site	ARGSYN.PWY..L.arginine.biosynthesis.I..via.L.ornithine..unclassified	swissAlps	0.216214548138582	0.103811181981945	65	0	0.04154303225014	0.313620637832043
site	PWY.6124..inosine.5..phosphate.biosynthesis.II	swissAlps	0.298763631905092	0.144004265684923	65	0	0.0423129679235529	0.314996538986449
site	PWY.3001..superpathway.of.L.isoleucine.biosynthesis.I	canada	-0.27141901962207	0.132872545955937	65	0	0.0454827502490293	0.333955536075065
site	PWY66.409..superpathway.of.purine.nucleotide.salvage	canada	-0.342410456039569	0.17038581919866	65	0	0.0489753232852219	0.354740179471337
site	ARGSYNBSUB.PWY..L.arginine.biosynthesis.II..acetyl.cycle.	swissAlps	0.209265867763336	0.104689488515997	65	0	0.0501530756026893	0.356117463906225
site	PWY.6823..molybdopterin.biosynthesis.unclassified	norway	0.355026334384742	0.177881333328619	65	0	0.0504942672702857	0.356117463906225
site	PWY.5973..cis.vaccenate.biosynthesis.unclassified	canada	-0.236335259284471	0.120717431693805	65	0	0.0549141089738076	0.377358492435396
site	PWY.6823..molybdopterin.biosynthesis	norway	0.357699540208299	0.182471034998749	65	0	0.0546080015932008	0.377358492435396
site	ARGSYN.PWY..L.arginine.biosynthesis.I..via.L.ornithine.	swissAlps	0.208113829114301	0.106707069760914	65	0	0.0558131114286512	0.378681363617178
site	PWY.5973..cis.vaccenate.biosynthesis	russia	-0.277615216576582	0.143657269598295	65	0	0.0580245914311132	0.388764762588458
site	PWY.5973..cis.vaccenate.biosynthesis.unclassified	russia	-0.267467609200393	0.138907638479176	65	0	0.0589091616372098	0.389818649846227
site	UNMAPPED	russia	-0.206832968274477	0.108043117463067	65	0	0.0603469525271824	0.39136718238924
site	PWY.6125..superpathway.of.guanosine.nucleotides.de.novo.biosynthesis.II.unclassified	swissAlps	0.280173754696519	0.146816725684103	65	0	0.061137145071189	0.39136718238924
site	PWY0.162..superpathway.of.pyrimidine.ribonucleotides.de.novo.biosynthesis.unclassified	swissAlps	0.313650689161001	0.164487749314205	65	0	0.0613336629117465	0.39136718238924
site	PWY.7977..L.methionine.biosynthesis.IV	russia	-0.23419428437967	0.123259893538452	65	0	0.0622412376440463	0.392485922084809
site	HSERMETANA.PWY..L.methionine.biosynthesis.III	russia	-0.224578886534967	0.121864988265472	65	0	0.0702925235533452	0.433066581891874
site	PWY.5973..cis.vaccenate.biosynthesis	canada	-0.230374972667645	0.124845090017497	65	0	0.0699321982116484	0.433066581891874
site	PWY0.162..superpathway.of.pyrimidine.ribonucleotides.de.novo.biosynthesis	swissAlps	0.309427237085927	0.168799466983713	65	0	0.0717491359585613	0.437017464474874
site	PWY.7977..L.methionine.biosynthesis.IV.unclassified	russia	-0.219927358303798	0.120471250399044	65	0	0.0728945719895874	0.439005512206953
site	PWY.6125..superpathway.of.guanosine.nucleotides.de.novo.biosynthesis.II	swissAlps	0.272372698511239	0.149799511239204	65	0	0.0740187668874844	0.440822878352129
site	UNINTEGRATED.unclassified	canada	-0.178693865378339	0.0993509048920185	65	0	0.0771102356761641	0.449250938287217
site	PWY.7229..superpathway.of.adenosine.nucleotides.de.novo.biosynthesis.I.unclassified	swissAlps	0.267686102970831	0.148730069864677	65	0	0.076918535420256	0.449250938287217
site	HSERMETANA.PWY..L.methionine.biosynthesis.III.unclassified	russia	-0.244952310132272	0.137752078372371	65	0	0.0804360123527167	0.46358820022641
site	PWY.7229..superpathway.of.adenosine.nucleotides.de.novo.biosynthesis.I	swissAlps	0.262754822890755	0.151294082132985	65	0	0.0875692965661914	0.499331308079559
site	PWY.7400..L.arginine.biosynthesis.IV..archaebacteria..unclassified	swissAlps	0.240628478639769	0.139293149594213	65	0	0.089223163097979	0.503406478110703
site	UNINTEGRATED	canada	-0.172895798048846	0.103814882434148	65	0	0.101041774540239	0.510635872084702
site	UNINTEGRATED.unclassified	swissAlps	0.190849075891407	0.11432151418135	65	0	0.100246919199334	0.510635872084702
site	HISTSYN.PWY..L.histidine.biosynthesis.unclassified	swissAlps	0.240122841601518	0.148808510725456	65	0	0.111853924721117	0.510635872084702
site	ILEUSYN.PWY..L.isoleucine.biosynthesis.I..from.threonine..unclassified	swissAlps	0.218920748848071	0.134438966548108	65	0	0.108679716717441	0.510635872084702
site	NONOXIPENT.PWY..pentose.phosphate.pathway..non.oxidative.branch..I	canada	-0.220291279624489	0.137694205674131	65	0	0.114882899016744	0.510635872084702
site	NONOXIPENT.PWY..pentose.phosphate.pathway..non.oxidative.branch..I.unclassified	canada	-0.223249020316405	0.135692437618024	65	0	0.105146119833222	0.510635872084702
site	P105.PWY..TCA.cycle.IV..2.oxoglutarate.decarboxylase.	norway	0.456744075289709	0.270884193857367	65	0	0.0969660502751954	0.510635872084702
site	P105.PWY..TCA.cycle.IV..2.oxoglutarate.decarboxylase..unclassified	norway	0.452698248492698	0.268840007783896	65	0	0.0973982522769433	0.510635872084702
site	PENTOSE.P.PWY..pentose.phosphate.pathway	canada	-0.206509154532562	0.129568764378163	65	0	0.116231411899905	0.510635872084702
site	PENTOSE.P.PWY..pentose.phosphate.pathway.unclassified	canada	-0.211459470857349	0.127413813233977	65	0	0.102207880550454	0.510635872084702
site	PWY.5103..L.isoleucine.biosynthesis.III	swissAlps	0.227592716939915	0.141005580708386	65	0	0.111759923211118	0.510635872084702
site	PWY.5103..L.isoleucine.biosynthesis.III.unclassified	swissAlps	0.23625269280299	0.139352710017862	65	0	0.0951916762327357	0.510635872084702
site	PWY.5686..UMP.biosynthesis.I	norway	0.213190352071172	0.135181200222672	65	0	0.120037537094538	0.510635872084702
site	PWY.5686..UMP.biosynthesis.I.unclassified	norway	0.209879890440177	0.130960008979417	65	0	0.11426932059794	0.510635872084702
site	PWY.6126..superpathway.of.adenosine.nucleotides.de.novo.biosynthesis.II	swissAlps	0.242252785019553	0.150801102491728	65	0	0.113428086783983	0.510635872084702
site	PWY.6126..superpathway.of.adenosine.nucleotides.de.novo.biosynthesis.II.unclassified	swissAlps	0.247310800866193	0.148469125372958	65	0	0.100978735193178	0.510635872084702
site	PWY.6386..UDP.N.acetylmuramoyl.pentapeptide.biosynthesis.II..lysine.containing.	norway	0.282301052102123	0.166302014225134	65	0	0.0947800212010865	0.510635872084702
site	PWY.6386..UDP.N.acetylmuramoyl.pentapeptide.biosynthesis.II..lysine.containing..unclassified	norway	0.27370050853102	0.160511354715054	65	0	0.0933340362595145	0.510635872084702
site	PWY.7198..pyrimidine.deoxyribonucleotides.de.novo.biosynthesis.IV	canada	-0.251858098899505	0.159385487143329	65	0	0.119323036023454	0.510635872084702
site	PWY.7198..pyrimidine.deoxyribonucleotides.de.novo.biosynthesis.IV.unclassified	canada	-0.251510453971827	0.158452573273885	65	0	0.117703073206625	0.510635872084702
site	PWY.7208..superpathway.of.pyrimidine.nucleobases.salvage.unclassified	swissAlps	0.217853521027458	0.13653505139013	65	0	0.115835399351324	0.510635872084702
site	PWY.7400..L.arginine.biosynthesis.IV..archaebacteria.	swissAlps	0.235007373101405	0.143219306892952	65	0	0.106052324511531	0.510635872084702
site	PWY.7790..UMP.biosynthesis.II	norway	0.213190352071172	0.135181200222672	65	0	0.120037537094538	0.510635872084702
site	PWY.7790..UMP.biosynthesis.II.unclassified	norway	0.209879890440177	0.130093171652849	65	0	0.111926157272997	0.510635872084702
site	PWY.7791..UMP.biosynthesis.III	norway	0.213190352071172	0.135181200222672	65	0	0.120037537094538	0.510635872084702
site	PWY.7791..UMP.biosynthesis.III.unclassified	norway	0.209879890440177	0.130093171652849	65	0	0.111926157272997	0.510635872084702
site	PWY0.1296..purine.ribonucleosides.degradation	norway	0.471477773522022	0.296722043139296	65	0	0.11732679612882	0.510635872084702
site	PWY0.1296..purine.ribonucleosides.degradation.unclassified	norway	0.473089097583314	0.291786023789177	65	0	0.110185195122858	0.510635872084702
site	PWY66.409..superpathway.of.purine.nucleotide.salvage	norway	0.418011673783265	0.25964821122382	65	0	0.112665535908975	0.510635872084702
site	PWY66.409..superpathway.of.purine.nucleotide.salvage.unclassified	norway	0.415603363121641	0.25480152594596	65	0	0.108110637236861	0.510635872084702
site	TRNA.CHARGING.PWY..tRNA.charging.unclassified	swissAlps	0.190570990257514	0.114170258427758	65	0	0.100291498347675	0.510635872084702
site	TRNA.CHARGING.PWY..tRNA.charging	swissAlps	0.183918601716149	0.117164072415263	65	0	0.121731840706263	0.513765878886276
site	UNINTEGRATED	swissAlps	0.184094973570882	0.119458142503381	65	0	0.128554382978621	0.520528670161577
site	HISTSYN.PWY..L.histidine.biosynthesis	swissAlps	0.232995614018782	0.151225622561179	65	0	0.12864397701664	0.520528670161577
site	ILEUSYN.PWY..L.isoleucine.biosynthesis.I..from.threonine.	swissAlps	0.209662818260008	0.136061893206673	65	0	0.12858999307612	0.520528670161577
site	PWY.6609..adenine.and.adenosine.salvage.III.unclassified	norway	0.334997218549377	0.218467947859954	65	0	0.130435458359856	0.520528670161577
site	PWY.7208..superpathway.of.pyrimidine.nucleobases.salvage	norway	0.28012806287135	0.183469684975918	65	0	0.13205658370637	0.520528670161577
site	PWY.7208..superpathway.of.pyrimidine.nucleobases.salvage	swissAlps	0.213962283194403	0.138537889707193	65	0	0.127742253694138	0.520528670161577
site	PWY.7208..superpathway.of.pyrimidine.nucleobases.salvage.unclassified	norway	0.277596775683515	0.180817268977191	65	0	0.129983229856515	0.520528670161577
site	PWY0.1296..purine.ribonucleosides.degradation.unclassified	swissAlps	0.342000269565607	0.220327516162201	65	0	0.125865028539246	0.520528670161577
site	THRESYN.PWY..superpathway.of.L.threonine.biosynthesis.unclassified	canada	-0.184789130818492	0.121033212786533	65	0	0.132074438697714	0.520528670161577
site	PWY0.1296..purine.ribonucleosides.degradation	swissAlps	0.340388945504315	0.224054702505869	65	0	0.13395878234872	0.52410151342273
site	PWY.724..superpathway.of.L.lysine..L.threonine.and.L.methionine.biosynthesis.II	swissAlps	0.244273088224845	0.161632473872365	65	0	0.135964521591978	0.528094083864496
site	PWY.6609..adenine.and.adenosine.salvage.III	norway	0.334196661690952	0.222278124371529	65	0	0.137954123514383	0.531966979882802
site	THRESYN.PWY..superpathway.of.L.threonine.biosynthesis	canada	-0.183937204502977	0.124164988838003	65	0	0.143734627407219	0.549398125970042
site	VALSYN.PWY..L.valine.biosynthesis.unclassified	swissAlps	0.191798918476079	0.129731796475937	65	0	0.144524507018239	0.549398125970042
site	NONMEVIPP.PWY..methylerythritol.phosphate.pathway.I.unclassified	canada	-0.149185729073753	0.101378240675963	65	0	0.146361398467115	0.550764593415166
site	P105.PWY..TCA.cycle.IV..2.oxoglutarate.decarboxylase..unclassified	swissAlps	0.298296735368436	0.203000988158534	65	0	0.146939061302927	0.550764593415166
site	HISTSYN.PWY..L.histidine.biosynthesis	norway	0.292091881897121	0.200272412047186	65	0	0.149925403731152	0.554207009654465
site	PWY.5695..inosine.5..phosphate.degradation.unclassified	swissAlps	0.208549632170438	0.142740804244335	65	0	0.149222583207954	0.554207009654465
site	P105.PWY..TCA.cycle.IV..2.oxoglutarate.decarboxylase.	swissAlps	0.296938704501231	0.204544552289168	65	0	0.151792236713963	0.557264649854
site	PWY0.162..superpathway.of.pyrimidine.ribonucleotides.de.novo.biosynthesis.unclassified	canada	-0.206490023403182	0.14294778069589	65	0	0.153796708628452	0.560782556631635
site	PWY.3841..folate.transformations.II..plants..unclassified	swissAlps	0.3453974810666	0.240041385799328	65	0	0.15537306706667	0.56270245910632
site	HISTSYN.PWY..L.histidine.biosynthesis.unclassified	norway	0.281805057570043	0.197071361793071	65	0	0.157914069356976	0.568066719297576
site	NONOXIPENT.PWY..pentose.phosphate.pathway..non.oxidative.branch..I	russia	-0.225084562291577	0.15844254366655	65	0	0.160607167257969	0.573902944335142
site	NONMEVIPP.PWY..methylerythritol.phosphate.pathway.I	canada	-0.146616058075043	0.103540730669066	65	0	0.161939289452927	0.574634268697588
site	NONOXIPENT.PWY..pentose.phosphate.pathway..non.oxidative.branch..I.unclassified	russia	-0.220553431979735	0.156139140839342	65	0	0.162955986645585	0.574634268697588
site	PWY.3841..folate.transformations.II..plants.	swissAlps	0.338705553896338	0.241898574187891	65	0	0.166604445137195	0.58366001695122
site	PWY.6124..inosine.5..phosphate.biosynthesis.II.unclassified	canada	-0.170479368619175	0.122659087373668	65	0	0.169705817211387	0.59066440276171
site	BRANCHED.CHAIN.AA.SYN.PWY..superpathway.of.branched.chain.amino.acid.biosynthesis.unclassified	swissAlps	0.189211543870566	0.136651925991748	65	0	0.171295173628576	0.591090708129043
site	PWY.5695..inosine.5..phosphate.degradation	swissAlps	0.200805964573221	0.145279786660476	65	0	0.172033862813677	0.591090708129043
site	PWY66.429..fatty.acid.biosynthesis.initiation..mitochondria..unclassified	norway	0.238355636862418	0.173332989789194	65	0	0.174203872904681	0.594205276839467
site	VALSYN.PWY..L.valine.biosynthesis	swissAlps	0.180085900889655	0.131253587489131	65	0	0.175157525635514	0.594205276839467
site	PEPTIDOGLYCANSYN.PWY..peptidoglycan.biosynthesis.I..meso.diaminopimelate.containing.	norway	0.223377753426394	0.164893706038858	65	0	0.180599669513042	0.599361563803341
site	PEPTIDOGLYCANSYN.PWY..peptidoglycan.biosynthesis.I..meso.diaminopimelate.containing..unclassified	norway	0.215943517738931	0.159523610744649	65	0	0.18091681693161	0.599361563803341
site	PWY.5188..tetrapyrrole.biosynthesis.I..from.glutamate..unclassified	norway	0.203648146598194	0.150243000962946	65	0	0.180352155377759	0.599361563803341
site	PWY66.429..fatty.acid.biosynthesis.initiation..mitochondria.	norway	0.241177560725242	0.178638702963964	65	0	0.182059672609481	0.599361563803341
site	THRESYN.PWY..superpathway.of.L.threonine.biosynthesis.unclassified	swissAlps	0.187936630330076	0.13927100278582	65	0	0.182268535261091	0.599361563803341
site	PWY.5097..L.lysine.biosynthesis.VI.unclassified	swissAlps	0.216164090563293	0.162391207903333	65	0	0.188181685890452	0.611305355377468
site	PWY0.162..superpathway.of.pyrimidine.ribonucleotides.de.novo.biosynthesis	canada	-0.195371976922929	0.146694871129149	65	0	0.187954877292986	0.611305355377468
site	PWY.5188..tetrapyrrole.biosynthesis.I..from.glutamate.	norway	0.203169490952683	0.153941137776472	65	0	0.1919197804277	0.619692784995464
site	BRANCHED.CHAIN.AA.SYN.PWY..superpathway.of.branched.chain.amino.acid.biosynthesis	swissAlps	0.180736926398811	0.138187963614199	65	0	0.195894058441908	0.625799448763615
site	DTDPRHAMSYN.PWY..dTDP..beta..L.rhamnose.biosynthesis.unclassified	canada	-0.14482392633663	0.116415790772447	65	0	0.218329285296261	0.625799448763615
site	PWY.2942..L.lysine.biosynthesis.III.unclassified	swissAlps	0.212445417910747	0.170148109597996	65	0	0.216664665829665	0.625799448763615
site	PWY.5097..L.lysine.biosynthesis.VI	swissAlps	0.208439739941383	0.164983690864414	65	0	0.211334077518626	0.625799448763615
site	PWY.6122..5.aminoimidazole.ribonucleotide.biosynthesis.II.unclassified	canada	-0.137872080918561	0.110024134218039	65	0	0.215028061170256	0.625799448763615
site	PWY.6123..inosine.5..phosphate.biosynthesis.I	norway	0.219886551620394	0.173125705642738	65	0	0.208953332296822	0.625799448763615
site	PWY.6123..inosine.5..phosphate.biosynthesis.I.unclassified	norway	0.211740869946017	0.169163986640633	65	0	0.215540765805658	0.625799448763615
site	PWY.6124..inosine.5..phosphate.biosynthesis.II	canada	-0.161888969341671	0.12514664633826	65	0	0.200763575120469	0.625799448763615
site	PWY.6277..superpathway.of.5.aminoimidazole.ribonucleotide.biosynthesis.unclassified	canada	-0.137872080918561	0.110024134218039	65	0	0.215028061170256	0.625799448763615
site	PWY.6387..UDP.N.acetylmuramoyl.pentapeptide.biosynthesis.I..meso.diaminopimelate.containing.	norway	0.212157919437432	0.16514252432823	65	0	0.203836388007166	0.625799448763615
site	PWY.6387..UDP.N.acetylmuramoyl.pentapeptide.biosynthesis.I..meso.diaminopimelate.containing..unclassified	norway	0.204644436938187	0.159712135068206	65	0	0.205006753246593	0.625799448763615
site	PWY.6700..queuosine.biosynthesis.I..de.novo.	russia	-0.155849175227876	0.119938086932816	65	0	0.198772804262866	0.625799448763615
site	PWY.6700..queuosine.biosynthesis.I..de.novo..unclassified	russia	-0.148729500432574	0.117560507493727	65	0	0.210715634412233	0.625799448763615
site	PWY.7198..pyrimidine.deoxyribonucleotides.de.novo.biosynthesis.IV	norway	0.310973576999859	0.242884982015733	65	0	0.205355881013608	0.625799448763615
site	PWY.7198..pyrimidine.deoxyribonucleotides.de.novo.biosynthesis.IV.unclassified	norway	0.306512461741946	0.241463329565041	65	0	0.209201835152999	0.625799448763615
site	PWY.7953..UDP.N.acetylmuramoyl.pentapeptide.biosynthesis.III..meso.diaminopimelate.containing.	norway	0.219957478997423	0.171942704812478	65	0	0.205734685375649	0.625799448763615
site	PWY.7953..UDP.N.acetylmuramoyl.pentapeptide.biosynthesis.III..meso.diaminopimelate.containing..unclassified	norway	0.211386510531059	0.166084743770458	65	0	0.208012038029833	0.625799448763615
site	PWY.8178..pentose.phosphate.pathway..non.oxidative.branch..II	russia	-0.212951351452631	0.169164130066537	65	0	0.212962396025193	0.625799448763615
site	PWY.8178..pentose.phosphate.pathway..non.oxidative.branch..II.unclassified	russia	-0.207303891066406	0.166600743633687	65	0	0.218222424157846	0.625799448763615
site	SER.GLYSYN.PWY..superpathway.of.L.serine.and.glycine.biosynthesis.I	norway	0.31363695784864	0.245735960624587	65	0	0.20676182455185	0.625799448763615
site	THRESYN.PWY..superpathway.of.L.threonine.biosynthesis	swissAlps	0.178215526506064	0.142874687932623	65	0	0.217114004656537	0.625799448763615
site	DTDPRHAMSYN.PWY..dTDP..beta..L.rhamnose.biosynthesis.unclassified	norway	0.210395151816269	0.177404152378604	65	0	0.240311394055606	0.634028252226477
site	ILEUSYN.PWY..L.isoleucine.biosynthesis.I..from.threonine.	norway	0.214407261193833	0.180190652078043	65	0	0.238776275397916	0.634028252226477
site	ILEUSYN.PWY..L.isoleucine.biosynthesis.I..from.threonine..unclassified	norway	0.206766541635387	0.17804136394167	65	0	0.250103086723684	0.634028252226477
site	PENTOSE.P.PWY..pentose.phosphate.pathway	russia	-0.176040660399096	0.149092726940106	65	0	0.242363173787492	0.634028252226477
site	PENTOSE.P.PWY..pentose.phosphate.pathway.unclassified	russia	-0.172799486002475	0.146613058757335	65	0	0.243206939475131	0.634028252226477
site	PWY.2942..L.lysine.biosynthesis.III	swissAlps	0.205077820348812	0.172679558673101	65	0	0.23966319144748	0.634028252226477
site	PWY.5103..L.isoleucine.biosynthesis.III	norway	0.226799969176995	0.186737718663768	65	0	0.229300957228935	0.634028252226477
site	PWY.5103..L.isoleucine.biosynthesis.III.unclassified	norway	0.219210285126094	0.184548774790454	65	0	0.239586180271024	0.634028252226477
site	PWY.6122..5.aminoimidazole.ribonucleotide.biosynthesis.II	canada	-0.135302837157191	0.1124579683314	65	0	0.233647571613838	0.634028252226477
site	PWY.6122..5.aminoimidazole.ribonucleotide.biosynthesis.II	norway	0.209131719776894	0.171372890375743	65	0	0.227113864565448	0.634028252226477
site	PWY.6122..5.aminoimidazole.ribonucleotide.biosynthesis.II.unclassified	norway	0.203840121024411	0.167664009690004	65	0	0.228836137057178	0.634028252226477
site	PWY.6277..superpathway.of.5.aminoimidazole.ribonucleotide.biosynthesis	canada	-0.135302837157191	0.1124579683314	65	0	0.233647571613838	0.634028252226477
site	PWY.6277..superpathway.of.5.aminoimidazole.ribonucleotide.biosynthesis	norway	0.209131719776894	0.171372890375743	65	0	0.227113864565448	0.634028252226477
site	PWY.6277..superpathway.of.5.aminoimidazole.ribonucleotide.biosynthesis.unclassified	norway	0.203840121024411	0.167664009690004	65	0	0.228836137057178	0.634028252226477
site	PWY.6385..peptidoglycan.biosynthesis.III..mycobacteria.	norway	0.194309143842684	0.162995470519464	65	0	0.237910339096861	0.634028252226477
site	PWY.6385..peptidoglycan.biosynthesis.III..mycobacteria..unclassified	norway	0.186973068941994	0.157544803786719	65	0	0.239987121573006	0.634028252226477
site	PWY.6823..molybdopterin.biosynthesis.unclassified	canada	-0.137429542882174	0.116728925481486	65	0	0.243709329380395	0.634028252226477
site	PWY.7220..adenosine.deoxyribonucleotides.de.novo.biosynthesis.II	norway	0.223637036070872	0.192367613344651	65	0	0.24961520207707	0.634028252226477
site	PWY.7220..adenosine.deoxyribonucleotides.de.novo.biosynthesis.II.unclassified	norway	0.220388768063876	0.189766646320786	65	0	0.250092059794423	0.634028252226477
site	PWY.7221..guanosine.ribonucleotides.de.novo.biosynthesis.unclassified	swissAlps	0.188439304160689	0.155777782075829	65	0	0.231151212054703	0.634028252226477
site	PWY.7222..guanosine.deoxyribonucleotides.de.novo.biosynthesis.II	norway	0.223637036070872	0.192367613344651	65	0	0.24961520207707	0.634028252226477
site	PWY.7222..guanosine.deoxyribonucleotides.de.novo.biosynthesis.II.unclassified	norway	0.220388768063876	0.189766646320786	65	0	0.250092059794423	0.634028252226477
site	PWY.7228..superpathway.of.guanosine.nucleotides.de.novo.biosynthesis.I.unclassified	swissAlps	0.174905796845902	0.150822182843308	65	0	0.250772368417935	0.634028252226477
site	SER.GLYSYN.PWY..superpathway.of.L.serine.and.glycine.biosynthesis.I.unclassified	norway	0.289699404962926	0.242460826547132	65	0	0.236855281633456	0.634028252226477
site	VALSYN.PWY..L.valine.biosynthesis	norway	0.202911027226093	0.173822875456573	65	0	0.247689896363118	0.634028252226477
site	PWY.7221..guanosine.ribonucleotides.de.novo.biosynthesis	swissAlps	0.182300889643667	0.157651046191399	65	0	0.252118712652656	0.634439577379453
site	DTDPRHAMSYN.PWY..dTDP..beta..L.rhamnose.biosynthesis	norway	0.209608319146434	0.182672402269627	65	0	0.2557485706661	0.640566513444063
site	VALSYN.PWY..L.valine.biosynthesis.unclassified	norway	0.195334091838608	0.171807524144524	65	0	0.260085526204665	0.648399265328839
site	GLYCOLYSIS..glycolysis.I..from.glucose.6.phosphate.	swissAlps	0.15009349441024	0.133274763248096	65	0	0.264566977354873	0.655501822234928
site	PWY.8178..pentose.phosphate.pathway..non.oxidative.branch..II.unclassified	canada	-0.162775000512291	0.144784074583139	65	0	0.265380401912275	0.655501822234928
site	PANTO.PWY..phosphopantothenate.biosynthesis.I.unclassified	russia	0.170470307161698	0.154565907716303	65	0	0.274475901514737	0.66035237143882
site	PWY.2942..L.lysine.biosynthesis.III	norway	0.252077360267977	0.228684472518636	65	0	0.274736154535181	0.66035237143882
site	PWY.6125..superpathway.of.guanosine.nucleotides.de.novo.biosynthesis.II	norway	0.220053988061365	0.198383772083516	65	0	0.271755562239707	0.66035237143882
site	PWY.7228..superpathway.of.guanosine.nucleotides.de.novo.biosynthesis.I	swissAlps	0.168650211588335	0.152760474538238	65	0	0.273993641518464	0.66035237143882
site	PWY.841..superpathway.of.purine.nucleotides.de.novo.biosynthesis.I	norway	0.217899072934679	0.195805344344671	65	0	0.270217945085611	0.66035237143882
site	PWY.841..superpathway.of.purine.nucleotides.de.novo.biosynthesis.I.unclassified	norway	0.212979269257624	0.191566963191404	65	0	0.270670155552841	0.66035237143882
site	PWY.6125..superpathway.of.guanosine.nucleotides.de.novo.biosynthesis.II.unclassified	norway	0.213063184469208	0.194433583963128	65	0	0.277538944111289	0.664111044837728
site	BRANCHED.CHAIN.AA.SYN.PWY..superpathway.of.branched.chain.amino.acid.biosynthesis	norway	0.198284041042936	0.183006267854563	65	0	0.282929310620186	0.671018188019557
site	PWY.8178..pentose.phosphate.pathway..non.oxidative.branch..II	canada	-0.159617607150212	0.147011780920964	65	0	0.281933978442689	0.671018188019557
site	PWY0.162..superpathway.of.pyrimidine.ribonucleotides.de.novo.biosynthesis.unclassified	norway	0.232984932157402	0.217835825367765	65	0	0.289108713937848	0.682653174760735
site	UNINTEGRATED	norway	0.150725768096752	0.158201830699357	65	0	0.344542581013613	0.685053358231626
site	UNINTEGRATED.unclassified	norway	0.142137089702155	0.151399247073511	65	0	0.351585740127257	0.685053358231626
site	ARGSYNBSUB.PWY..L.arginine.biosynthesis.II..acetyl.cycle.	canada	-0.0906229028631754	0.0909802104287008	65	0	0.323215064356606	0.685053358231626
site	ARGSYNBSUB.PWY..L.arginine.biosynthesis.II..acetyl.cycle..unclassified	canada	-0.0915870535491239	0.0882984442706392	65	0	0.303784286110518	0.685053358231626
site	BRANCHED.CHAIN.AA.SYN.PWY..superpathway.of.branched.chain.amino.acid.biosynthesis.unclassified	norway	0.18977438255702	0.18097204935089	65	0	0.29854997083669	0.685053358231626
site	COA.PWY..coenzyme.A.biosynthesis.I..prokaryotic.	norway	0.219154516475251	0.231907254679567	65	0	0.348444261626853	0.685053358231626
site	COA.PWY..coenzyme.A.biosynthesis.I..prokaryotic..unclassified	norway	0.215881337972884	0.22773835870069	65	0	0.346964573848688	0.685053358231626
site	HISTSYN.PWY..L.histidine.biosynthesis	canada	-0.130588123533095	0.131422353455523	65	0	0.324382666663367	0.685053358231626
site	HISTSYN.PWY..L.histidine.biosynthesis.unclassified	canada	-0.133776853513608	0.129321766791465	65	0	0.305077496245149	0.685053358231626
site	P105.PWY..TCA.cycle.IV..2.oxoglutarate.decarboxylase.	russia	0.198569444651482	0.204544552289168	65	0	0.335551102803484	0.685053358231626
site	P105.PWY..TCA.cycle.IV..2.oxoglutarate.decarboxylase..unclassified	russia	0.199986536113135	0.203000988158534	65	0	0.328506214688726	0.685053358231626
site	PANTO.PWY..phosphopantothenate.biosynthesis.I	russia	0.163816472010936	0.15801545161772	65	0	0.304030421494206	0.685053358231626
site	PWY.1042..glycolysis.IV	russia	-0.12886584688461	0.135616060270708	65	0	0.345809667630111	0.685053358231626
site	PWY.2942..L.lysine.biosynthesis.III.unclassified	norway	0.236318468735571	0.225332002192115	65	0	0.298496269879056	0.685053358231626
site	PWY.3841..folate.transformations.II..plants.	norway	0.315671035720367	0.320353192156871	65	0	0.328392333663454	0.685053358231626
site	PWY.3841..folate.transformations.II..plants..unclassified	norway	0.30569087354793	0.317893664519264	65	0	0.3401031907	0.685053358231626
site	PWY.5695..inosine.5..phosphate.degradation	norway	0.182341342257929	0.192398171708127	65	0	0.347068949988639	0.685053358231626
site	PWY.5695..inosine.5..phosphate.degradation.unclassified	norway	0.181050728167797	0.189035724762866	65	0	0.34202758222836	0.685053358231626
site	PWY.5973..cis.vaccenate.biosynthesis	norway	0.178851369722612	0.190249426011944	65	0	0.350941405548419	0.685053358231626
site	PWY.6121..5.aminoimidazole.ribonucleotide.biosynthesis.I	norway	0.202862776502312	0.216609529383856	65	0	0.352751356104345	0.685053358231626
site	PWY.6123..inosine.5..phosphate.biosynthesis.I	canada	-0.1067849444629	0.113608197188219	65	0	0.351016894392436	0.685053358231626
site	PWY.6123..inosine.5..phosphate.biosynthesis.I.unclassified	canada	-0.112877757808468	0.111008446030962	65	0	0.313312708406749	0.685053358231626
site	PWY.6124..inosine.5..phosphate.biosynthesis.II	norway	0.179801613009752	0.190708962842166	65	0	0.34956086458711	0.685053358231626
site	PWY.6124..inosine.5..phosphate.biosynthesis.II	russia	-0.142142299786437	0.144004265684923	65	0	0.327572174227602	0.685053358231626
site	PWY.6124..inosine.5..phosphate.biosynthesis.II.unclassified	russia	-0.132394350890855	0.141141870946228	65	0	0.351993199119996	0.685053358231626
site	PWY.6125..superpathway.of.guanosine.nucleotides.de.novo.biosynthesis.II.unclassified	canada	-0.126371906210258	0.127590809607895	65	0	0.325933345631903	0.685053358231626
site	PWY.6609..adenine.and.adenosine.salvage.III	swissAlps	0.167988535399594	0.167842127611145	65	0	0.320908039871174	0.685053358231626
site	PWY.6609..adenine.and.adenosine.salvage.III.unclassified	swissAlps	0.168789092258019	0.164965064768885	65	0	0.310330079507288	0.685053358231626
site	PWY.6700..queuosine.biosynthesis.I..de.novo.	norway	0.154938746120915	0.158837434817916	65	0	0.333251212584491	0.685053358231626
site	PWY.6700..queuosine.biosynthesis.I..de.novo..unclassified	norway	0.150459109493671	0.155688738445994	65	0	0.337718511725642	0.685053358231626
site	PWY.6823..molybdopterin.biosynthesis	canada	-0.125172880719103	0.119740770143372	65	0	0.300047353715048	0.685053358231626
site	PWY.6969..TCA.cycle.V..2.oxoglutarate.synthase.	norway	0.15283032519052	0.154649687091518	65	0	0.327005886808174	0.685053358231626
site	PWY.6969..TCA.cycle.V..2.oxoglutarate.synthase..unclassified	norway	0.146620749910937	0.153156007764841	65	0	0.342242676984158	0.685053358231626
site	PWY.7197..pyrimidine.deoxyribonucleotide.phosphorylation	russia	-0.112518344356567	0.117022178057022	65	0	0.340153336919784	0.685053358231626
site	PWY.7197..pyrimidine.deoxyribonucleotide.phosphorylation.unclassified	russia	-0.108929067710326	0.114766988298117	65	0	0.346360712304604	0.685053358231626
site	PWY.7208..superpathway.of.pyrimidine.nucleobases.salvage	canada	-0.113204561855202	0.120396102193035	65	0	0.350850468122488	0.685053358231626
site	PWY.7208..superpathway.of.pyrimidine.nucleobases.salvage.unclassified	canada	-0.123846885634267	0.118655539180224	65	0	0.300787587924349	0.685053358231626
site	PWY.7220..adenosine.deoxyribonucleotides.de.novo.biosynthesis.II	russia	-0.141557813013347	0.145256712051778	65	0	0.333703509321327	0.685053358231626
site	PWY.7220..adenosine.deoxyribonucleotides.de.novo.biosynthesis.II	swissAlps	0.13701725372846	0.145256712051778	65	0	0.349322312948303	0.685053358231626
site	PWY.7220..adenosine.deoxyribonucleotides.de.novo.biosynthesis.II.unclassified	russia	-0.135582989610648	0.143292722836167	65	0	0.347843792580199	0.685053358231626
site	PWY.7220..adenosine.deoxyribonucleotides.de.novo.biosynthesis.II.unclassified	swissAlps	0.143143737228724	0.143292722836167	65	0	0.321825766604462	0.685053358231626
site	PWY.7222..guanosine.deoxyribonucleotides.de.novo.biosynthesis.II	russia	-0.141557813013347	0.145256712051778	65	0	0.333703509321327	0.685053358231626
site	PWY.7222..guanosine.deoxyribonucleotides.de.novo.biosynthesis.II	swissAlps	0.13701725372846	0.145256712051778	65	0	0.349322312948303	0.685053358231626
site	PWY.7222..guanosine.deoxyribonucleotides.de.novo.biosynthesis.II.unclassified	russia	-0.135582989610648	0.143292722836167	65	0	0.347843792580199	0.685053358231626
site	PWY.7222..guanosine.deoxyribonucleotides.de.novo.biosynthesis.II.unclassified	swissAlps	0.143143737228724	0.143292722836167	65	0	0.321825766604462	0.685053358231626
site	PWY.7228..superpathway.of.guanosine.nucleotides.de.novo.biosynthesis.I	norway	0.194151192920746	0.202305060366796	65	0	0.341060140991906	0.685053358231626
site	PWY.7228..superpathway.of.guanosine.nucleotides.de.novo.biosynthesis.I.unclassified	norway	0.188634984965693	0.199738125303674	65	0	0.348747031236772	0.685053358231626
site	PWY.724..superpathway.of.L.lysine..L.threonine.and.L.methionine.biosynthesis.II	norway	0.206325995706758	0.214054502532972	65	0	0.338967640527254	0.685053358231626
site	PWY0.162..superpathway.of.pyrimidine.ribonucleotides.de.novo.biosynthesis	norway	0.235178501286707	0.223545956251105	65	0	0.297001423958482	0.685053358231626
site	ARGSYN.PWY..L.arginine.biosynthesis.I..via.L.ornithine..unclassified	canada	-0.0836056488843872	0.0902169197256728	65	0	0.357785727436815	0.690173916060134
site	PWY.1042..glycolysis.IV.unclassified	russia	-0.123846548338389	0.134187706657461	65	0	0.35973768261791	0.690173916060134
site	PWY.6121..5.aminoimidazole.ribonucleotide.biosynthesis.I.unclassified	norway	0.196349417449821	0.21310206684811	65	0	0.360538612867234	0.690173916060134
site	PWY.6125..superpathway.of.guanosine.nucleotides.de.novo.biosynthesis.II	canada	-0.120136311011501	0.130182993993487	65	0	0.359793857752608	0.690173916060134
site	PWY.6124..inosine.5..phosphate.biosynthesis.II.unclassified	norway	0.171263785764775	0.18691821171917	65	0	0.363203945142575	0.692801831303986
site	HSERMETANA.PWY..L.methionine.biosynthesis.III	norway	0.147447382877161	0.161389285298888	65	0	0.364576903623099	0.692954682063763
site	DTDPRHAMSYN.PWY..dTDP..beta..L.rhamnose.biosynthesis	canada	-0.109116864634962	0.119872910962855	65	0	0.366321899809442	0.693811089391734
site	ARGSYN.PWY..L.arginine.biosynthesis.I..via.L.ornithine.	canada	-0.0827296028453284	0.0927335857562672	65	0	0.375891909616365	0.69543634052516
site	ARGSYN.PWY..L.arginine.biosynthesis.I..via.L.ornithine.	norway	0.126680563016607	0.141315220804332	65	0	0.373600718989793	0.69543634052516
site	PWY.7220..adenosine.deoxyribonucleotides.de.novo.biosynthesis.II.unclassified	canada	-0.112225851163948	0.124528281313972	65	0	0.371081220052407	0.69543634052516
site	PWY.7221..guanosine.ribonucleotides.de.novo.biosynthesis	norway	0.186169036244444	0.208781784116913	65	0	0.376120170044798	0.69543634052516
site	PWY.7222..guanosine.deoxyribonucleotides.de.novo.biosynthesis.II.unclassified	canada	-0.112225851163948	0.124528281313972	65	0	0.371081220052407	0.69543634052516
site	PWY.724..superpathway.of.L.lysine..L.threonine.and.L.methionine.biosynthesis.II	canada	-0.127121606852105	0.140466408743339	65	0	0.369086952189753	0.69543634052516
site	SER.GLYSYN.PWY..superpathway.of.L.serine.and.glycine.biosynthesis.I.unclassified	swissAlps	0.163203925257042	0.183082078387558	65	0	0.376262199164732	0.69543634052516
site	PWY.7197..pyrimidine.deoxyribonucleotide.phosphorylation.unclassified	norway	0.133859028275435	0.151989201172285	65	0	0.381986862860616	0.703590922657355
site	PWY.5973..cis.vaccenate.biosynthesis.unclassified	norway	0.160774905159389	0.183959353837333	65	0	0.385619492515419	0.704296335955107
site	PWY.7197..pyrimidine.deoxyribonucleotide.phosphorylation	norway	0.135542237247596	0.154975813394412	65	0	0.385277737409863	0.704296335955107
site	PWY.7221..guanosine.ribonucleotides.de.novo.biosynthesis.unclassified	norway	0.180036566453468	0.206300966934792	65	0	0.386311796214182	0.704296335955107
site	CALVIN.PWY..Calvin.Benson.Bassham.cycle	russia	-0.123352125374296	0.142071328148032	65	0	0.388722122205262	0.704511670054905
site	COA.PWY..coenzyme.A.biosynthesis.I..prokaryotic.	canada	0.132036055913899	0.152181705317542	65	0	0.389058683463157	0.704511670054905
site	CALVIN.PWY..Calvin.Benson.Bassham.cycle.unclassified	russia	-0.1195820047329	0.139254039848161	65	0	0.393905717377956	0.710887085907692
site	UNINTEGRATED	russia	-0.0981883257550786	0.119458142503381	65	0	0.414361151044607	0.711851208204837
site	ARGSYN.PWY..L.arginine.biosynthesis.I..via.L.ornithine..unclassified	norway	0.116106360460525	0.137480113891299	65	0	0.401727090171624	0.711851208204837
site	COA.PWY..coenzyme.A.biosynthesis.I..prokaryotic..unclassified	canada	0.123339251956113	0.149446000907459	65	0	0.412465121053056	0.711851208204837
site	HSERMETANA.PWY..L.methionine.biosynthesis.III.unclassified	norway	0.152163751991332	0.182429012576799	65	0	0.407534088502453	0.711851208204837
site	NONMEVIPP.PWY..methylerythritol.phosphate.pathway.I	russia	-0.0979621006259549	0.119142680405339	65	0	0.414204437078176	0.711851208204837
site	PWY.5097..L.lysine.biosynthesis.VI	norway	0.184072433062244	0.218492614930358	65	0	0.402873340002124	0.711851208204837
site	PWY.5188..tetrapyrrole.biosynthesis.I..from.glutamate..unclassified	canada	-0.0829441949642267	0.0985921554293693	65	0	0.40352827663774	0.711851208204837
site	PWY.5695..inosine.5..phosphate.degradation	russia	-0.119638832520491	0.145279786660476	65	0	0.413481439245094	0.711851208204837
site	PWY.6126..superpathway.of.adenosine.nucleotides.de.novo.biosynthesis.II	norway	0.167959671820832	0.19971020799187	65	0	0.403677755228353	0.711851208204837
site	PWY.6609..adenine.and.adenosine.salvage.III	russia	0.139192515670284	0.167842127611146	65	0	0.41021839138633	0.711851208204837
site	PWY.6609..adenine.and.adenosine.salvage.III.unclassified	russia	0.139993072528709	0.164965064768885	65	0	0.399464409327465	0.711851208204837
site	PWY.6823..molybdopterin.biosynthesis.unclassified	russia	0.11404248131616	0.134318127492743	65	0	0.39922974817404	0.711851208204837
site	PWY.7220..adenosine.deoxyribonucleotides.de.novo.biosynthesis.II	canada	-0.105253486246721	0.126235082585512	65	0	0.407706804653413	0.711851208204837
site	PWY.7222..guanosine.deoxyribonucleotides.de.novo.biosynthesis.II	canada	-0.105253486246721	0.126235082585512	65	0	0.407706804653413	0.711851208204837
site	VALSYN.PWY..L.valine.biosynthesis	canada	-0.0939914386496482	0.114065692540453	65	0	0.413196650756674	0.711851208204837
site	UNMAPPED	canada	-0.0704735117165004	0.0938946755925795	65	0	0.45585144169432	0.712003672456148
site	UNINTEGRATED.unclassified	russia	-0.090664798856267	0.11432151418135	65	0	0.430862866399856	0.712003672456148
site	CALVIN.PWY..Calvin.Benson.Bassham.cycle	norway	0.141590232864881	0.188149118443488	65	0	0.454667206195248	0.712003672456148
site	ILEUSYN.PWY..L.isoleucine.biosynthesis.I..from.threonine.	canada	-0.091391676279658	0.11824434191766	65	0	0.442612680388478	0.712003672456148
site	ILEUSYN.PWY..L.isoleucine.biosynthesis.I..from.threonine..unclassified	canada	-0.0885485319366389	0.116833940443743	65	0	0.451476978641269	0.712003672456148
site	NONMEVIPP.PWY..methylerythritol.phosphate.pathway.I	norway	0.118916894679789	0.157784055231058	65	0	0.45399570117809	0.712003672456148
site	NONMEVIPP.PWY..methylerythritol.phosphate.pathway.I.unclassified	russia	-0.0929173090414184	0.116654337388411	65	0	0.428871356874627	0.712003672456148
site	PWY.5097..L.lysine.biosynthesis.VI.unclassified	norway	0.166092607958888	0.215059315685074	65	0	0.442961998537049	0.712003672456148
site	PWY.5188..tetrapyrrole.biosynthesis.I..from.glutamate.	canada	-0.0774591174919188	0.101018939220836	65	0	0.44622003918373	0.712003672456148
site	PWY.5695..inosine.5..phosphate.degradation.unclassified	russia	-0.111895164923274	0.142740804244335	65	0	0.436179899454305	0.712003672456148
site	PWY.6121..5.aminoimidazole.ribonucleotide.biosynthesis.I	russia	-0.127773913589837	0.163561773680739	65	0	0.4377584167751	0.712003672456148
site	PWY.6121..5.aminoimidazole.ribonucleotide.biosynthesis.I.unclassified	russia	-0.120783424415076	0.160913290047092	65	0	0.455819970131848	0.712003672456148
site	PWY.6125..superpathway.of.guanosine.nucleotides.de.novo.biosynthesis.II	russia	-0.119385653545657	0.149799511239204	65	0	0.428611212071416	0.712003672456148
site	PWY.6125..superpathway.of.guanosine.nucleotides.de.novo.biosynthesis.II.unclassified	russia	-0.111588311830799	0.146816725684103	65	0	0.450199927662774	0.712003672456148
site	PWY.6126..superpathway.of.adenosine.nucleotides.de.novo.biosynthesis.II	russia	-0.121681436971885	0.150801102491728	65	0	0.422911062245312	0.712003672456148
site	PWY.6126..superpathway.of.adenosine.nucleotides.de.novo.biosynthesis.II.unclassified	norway	0.16093009197161	0.196621904075476	65	0	0.416324950586474	0.712003672456148
site	PWY.6126..superpathway.of.adenosine.nucleotides.de.novo.biosynthesis.II.unclassified	russia	-0.116507334446761	0.148469125372958	65	0	0.435702681187226	0.712003672456148
site	PWY.6823..molybdopterin.biosynthesis	russia	0.108497311799517	0.137783809487285	65	0	0.434120527842591	0.712003672456148
site	PWY.6969..TCA.cycle.V..2.oxoglutarate.synthase.	canada	-0.0759819344178424	0.101483902006128	65	0	0.456957580830065	0.712003672456148
site	PWY.7198..pyrimidine.deoxyribonucleotides.de.novo.biosynthesis.IV	swissAlps	0.137434557457321	0.183402358021414	65	0	0.456567750855086	0.712003672456148
site	PWY.7198..pyrimidine.deoxyribonucleotides.de.novo.biosynthesis.IV.unclassified	swissAlps	0.143388170018293	0.182328868793797	65	0	0.434713054696429	0.712003672456148
site	PWY.7221..guanosine.ribonucleotides.de.novo.biosynthesis	russia	-0.118247798713427	0.157651046191399	65	0	0.456149560311406	0.712003672456148
site	PWY.7228..superpathway.of.guanosine.nucleotides.de.novo.biosynthesis.I	russia	-0.123245126348716	0.152760474538238	65	0	0.422975915397895	0.712003672456148
site	PWY.7228..superpathway.of.guanosine.nucleotides.de.novo.biosynthesis.I.unclassified	russia	-0.11698500397296	0.150822182843308	65	0	0.441003140636542	0.712003672456148
site	PWY.7229..superpathway.of.adenosine.nucleotides.de.novo.biosynthesis.I	norway	0.155716064651929	0.200363075013825	65	0	0.44011224475685	0.712003672456148
site	PWY.7229..superpathway.of.adenosine.nucleotides.de.novo.biosynthesis.I	russia	-0.117821261266283	0.151294082132985	65	0	0.43918372257827	0.712003672456148
site	PWY.7229..superpathway.of.adenosine.nucleotides.de.novo.biosynthesis.I.unclassified	norway	0.148004776305131	0.196967480320307	65	0	0.455338867634255	0.712003672456148
site	PWY.7229..superpathway.of.adenosine.nucleotides.de.novo.biosynthesis.I.unclassified	russia	-0.112758323944727	0.148730069864677	65	0	0.451334402394286	0.712003672456148
site	PWY.841..superpathway.of.purine.nucleotides.de.novo.biosynthesis.I.unclassified	canada	-0.102040479554733	0.125709681576163	65	0	0.42016361654411	0.712003672456148
site	SER.GLYSYN.PWY..superpathway.of.L.serine.and.glycine.biosynthesis.I	swissAlps	0.149132395657258	0.185555130890255	65	0	0.424737608402811	0.712003672456148
site	THRESYN.PWY..superpathway.of.L.threonine.biosynthesis	norway	0.146315504742826	0.189213030755946	65	0	0.442389974143376	0.712003672456148
site	VALSYN.PWY..L.valine.biosynthesis.unclassified	canada	-0.0886307694542677	0.112743182816014	65	0	0.43488526836528	0.712003672456148
site	CALVIN.PWY..Calvin.Benson.Bassham.cycle.unclassified	norway	0.136588371256288	0.184418103065991	65	0	0.461797335560038	0.713323838213776
site	PWY.6969..TCA.cycle.V..2.oxoglutarate.synthase..unclassified	canada	-0.0747524620255964	0.100503722807141	65	0	0.459913612437955	0.713323838213776
site	PWY.724..superpathway.of.L.lysine..L.threonine.and.L.methionine.biosynthesis.II	russia	-0.119911691661201	0.161632473872365	65	0	0.461055096045865	0.713323838213776
site	NONMEVIPP.PWY..methylerythritol.phosphate.pathway.I.unclassified	norway	0.113225414444691	0.154488671488799	65	0	0.466470550350913	0.71381799226656
site	PWY.5097..L.lysine.biosynthesis.VI	russia	-0.120894514522537	0.164983690864414	65	0	0.466554022155418	0.71381799226656
site	PWY.841..superpathway.of.purine.nucleotides.de.novo.biosynthesis.I	canada	-0.0942582848819683	0.128490983405557	65	0	0.466062180688392	0.71381799226656
site	PWY66.429..fatty.acid.biosynthesis.initiation..mitochondria..unclassified	canada	-0.0831808118652039	0.113744220767716	65	0	0.467444244935751	0.71381799226656
site	ARGSYNBSUB.PWY..L.arginine.biosynthesis.II..acetyl.cycle.	norway	0.100080666295883	0.138643280325084	65	0	0.473186111199568	0.716462586449063
site	PWY.5103..L.isoleucine.biosynthesis.III	canada	-0.0884910656246596	0.122540644589259	65	0	0.473015756974091	0.716462586449063
site	TRNA.CHARGING.PWY..tRNA.charging	norway	0.112598666389074	0.155163728146552	65	0	0.470858269368912	0.716462586449063
site	PWY.7221..guanosine.ribonucleotides.de.novo.biosynthesis.unclassified	russia	-0.111983159696916	0.155777782075829	65	0	0.475014647971352	0.717205214965197
site	PWY.5103..L.isoleucine.biosynthesis.III.unclassified	canada	-0.0863988513802589	0.121104220308588	65	0	0.478348304914062	0.718192412980217
site	THRESYN.PWY..superpathway.of.L.threonine.biosynthesis.unclassified	norway	0.131788273001864	0.184440567568915	65	0	0.477670515278764	0.718192412980217
site	BRANCHED.CHAIN.AA.SYN.PWY..superpathway.of.branched.chain.amino.acid.biosynthesis	canada	-0.0849305199669151	0.120091999555545	65	0	0.482172512018602	0.721911917435673
site	BRANCHED.CHAIN.AA.SYN.PWY..superpathway.of.branched.chain.amino.acid.biosynthesis.unclassified	canada	-0.0830126301382623	0.118757108841129	65	0	0.48724551564435	0.72545443440381
site	PWY.3001..superpathway.of.L.isoleucine.biosynthesis.I	russia	-0.10711817457319	0.152894336124301	65	0	0.486259109220949	0.72545443440381
site	PWY.5097..L.lysine.biosynthesis.VI.unclassified	russia	-0.113059317851266	0.162391207903333	65	0	0.488982040825494	0.725659793413214
site	PWY.6387..UDP.N.acetylmuramoyl.pentapeptide.biosynthesis.I..meso.diaminopimelate.containing..unclassified	canada	-0.0727807032338762	0.104805971284376	65	0	0.490091129133551	0.725659793413214
site	TRNA.CHARGING.PWY..tRNA.charging.unclassified	norway	0.103341724186861	0.151198934758079	65	0	0.496933470506042	0.733764022565396
site	ARGSYNBSUB.PWY..L.arginine.biosynthesis.II..acetyl.cycle..unclassified	norway	0.0892161356167418	0.134556579981499	65	0	0.509845500941936	0.747195596473014
site	PWY.3001..superpathway.of.L.isoleucine.biosynthesis.I.unclassified	russia	-0.0986921001897996	0.149408090432283	65	0	0.511426639217147	0.747195596473014
site	PWY.6385..peptidoglycan.biosynthesis.III..mycobacteria..unclassified	canada	-0.0682614315038892	0.103383729574601	65	0	0.511605940122381	0.747195596473014
site	PWY.7400..L.arginine.biosynthesis.IV..archaebacteria.	russia	-0.095181832424368	0.143219306892952	65	0	0.508860319446374	0.747195596473014
site	HISDEG.PWY..L.histidine.degradation.I	canada	0.0970227221387858	0.147660355851954	65	0	0.513650559427209	0.748143206122239
site	PWY66.429..fatty.acid.biosynthesis.initiation..mitochondria.	canada	-0.0757966178858919	0.117225925037718	65	0	0.520365862096156	0.755870195348346
site	PEPTIDOGLYCANSYN.PWY..peptidoglycan.biosynthesis.I..meso.diaminopimelate.containing..unclassified	canada	-0.0667358127860465	0.10468225823757	65	0	0.526219147072821	0.75691823982079
site	PWY.3001..superpathway.of.L.isoleucine.biosynthesis.I	norway	0.128922391580712	0.202482337089266	65	0	0.526736013905139	0.75691823982079
site	PWY.6387..UDP.N.acetylmuramoyl.pentapeptide.biosynthesis.I..meso.diaminopimelate.containing.	canada	-0.0691180986818188	0.108369490240566	65	0	0.526030320299497	0.75691823982079
site	PWY.7400..L.arginine.biosynthesis.IV..archaebacteria..unclassified	russia	-0.089226647847195	0.139293149594213	65	0	0.524242784385815	0.75691823982079
site	COA.PWY..coenzyme.A.biosynthesis.I..prokaryotic..unclassified	russia	0.108893756127685	0.171965148487145	65	0	0.528988800699327	0.758122987098501
site	PWY.7208..superpathway.of.pyrimidine.nucleobases.salvage	russia	-0.0873545074662015	0.138537889707194	65	0	0.530731857871765	0.758592735518043
site	PWY.7663..gondoate.biosynthesis..anaerobic.	norway	0.114095857179408	0.184328001257899	65	0	0.538270865421914	0.767322297516345
site	PWY.3001..superpathway.of.L.isoleucine.biosynthesis.I.unclassified	norway	0.120723512886686	0.197865402327124	65	0	0.544080081007295	0.771499797407169
site	PWY.7208..superpathway.of.pyrimidine.nucleobases.salvage.unclassified	russia	-0.0833418766260138	0.13653505139013	65	0	0.543897850095097	0.771499797407169
site	GLYCOLYSIS..glycolysis.I..from.glucose.6.phosphate.	russia	-0.0806669975712278	0.133274763248096	65	0	0.547283301789189	0.773994326540912
site	PWY.6385..peptidoglycan.biosynthesis.III..mycobacteria.	canada	-0.0643515690184451	0.10696055497255	65	0	0.54968153354709	0.775340268371684
site	HISDEG.PWY..L.histidine.degradation.I.unclassified	canada	0.0871034272785341	0.145931499354368	65	0	0.552833959422658	0.775704194373153
site	THRESYN.PWY..superpathway.of.L.threonine.biosynthesis	russia	-0.0853089826272998	0.142874687932623	65	0	0.552694220685275	0.775704194373153
site	PWY.7663..gondoate.biosynthesis..anaerobic.	swissAlps	-0.0826018190097102	0.139186004006963	65	0	0.555101682088021	0.776852484593157
site	COA.PWY..coenzyme.A.biosynthesis.I..prokaryotic.	russia	0.10119643689448	0.175113080263439	65	0	0.565499683867378	0.787293066371207
site	PEPTIDOGLYCANSYN.PWY..peptidoglycan.biosynthesis.I..meso.diaminopimelate.containing.	canada	-0.062556073363008	0.108206211210579	65	0	0.565347332069557	0.787293066371207
site	PWY.6121..5.aminoimidazole.ribonucleotide.biosynthesis.I.unclassified	canada	-0.0795694750165218	0.139841403342245	65	0	0.571481410200599	0.793559678413267
site	PWY.841..superpathway.of.purine.nucleotides.de.novo.biosynthesis.I	russia	-0.0835598507059889	0.147852541429183	65	0	0.574074422865961	0.795100492651563
site	DTDPRHAMSYN.PWY..dTDP..beta..L.rhamnose.biosynthesis.unclassified	swissAlps	0.0741977124949379	0.133957808337935	65	0	0.58171350753072	0.803604226898108
site	DTDPRHAMSYN.PWY..dTDP..beta..L.rhamnose.biosynthesis	swissAlps	0.0733196989984316	0.137935861837335	65	0	0.597000800428568	0.809325507522407
site	PWY.5188..tetrapyrrole.biosynthesis.I..from.glutamate.	russia	-0.0617397941052043	0.116240894889398	65	0	0.59728491237167	0.809325507522407
site	PWY.6121..5.aminoimidazole.ribonucleotide.biosynthesis.I	canada	-0.0760391700470465	0.142143063248334	65	0	0.59466278691704	0.809325507522407
site	PWY.6387..UDP.N.acetylmuramoyl.pentapeptide.biosynthesis.I..meso.diaminopimelate.containing.	russia	-0.0665259200988591	0.124699057636442	65	0	0.595664065178848	0.809325507522407
site	PWY.7663..gondoate.biosynthesis..anaerobic..unclassified	norway	0.0941924944089885	0.17719377998646	65	0	0.596980285451597	0.809325507522407
site	PWY.7663..gondoate.biosynthesis..anaerobic..unclassified	swissAlps	-0.0723883663421803	0.133798956224224	65	0	0.590494561802826	0.809325507522407
site	PWY.841..superpathway.of.purine.nucleotides.de.novo.biosynthesis.I.unclassified	russia	-0.0766936306232681	0.144652141423997	65	0	0.597934516751629	0.809325507522407
site	THRESYN.PWY..superpathway.of.L.threonine.biosynthesis.unclassified	russia	-0.0754155403822447	0.13927100278582	65	0	0.590166713452752	0.809325507522407
site	PWY.6609..adenine.and.adenosine.salvage.III.unclassified	canada	-0.0748510988926516	0.143362590827483	65	0	0.603515805741471	0.814822347298309
site	SER.GLYSYN.PWY..superpathway.of.L.serine.and.glycine.biosynthesis.I	russia	-0.0952396428469801	0.185555130890255	65	0	0.609648203961246	0.821033762118663
site	PWY.5188..tetrapyrrole.biosynthesis.I..from.glutamate..unclassified	russia	-0.0577764081730507	0.113448433180743	65	0	0.612427694299158	0.822709885073555
site	PWY.6122..5.aminoimidazole.ribonucleotide.biosynthesis.II	russia	-0.0634381620498363	0.129403604681579	65	0	0.625755649085195	0.827950675490748
site	PWY.6277..superpathway.of.5.aminoimidazole.ribonucleotide.biosynthesis	russia	-0.0634381620498363	0.129403604681579	65	0	0.625755649085195	0.827950675490748
site	PWY.6385..peptidoglycan.biosynthesis.III..mycobacteria.	russia	-0.0595834331821198	0.123077818117808	65	0	0.630068879609824	0.827950675490748
site	PWY.6387..UDP.N.acetylmuramoyl.pentapeptide.biosynthesis.I..meso.diaminopimelate.containing..unclassified	russia	-0.0585717658438565	0.120598572760856	65	0	0.628966215098326	0.827950675490748
site	PWY.7228..superpathway.of.guanosine.nucleotides.de.novo.biosynthesis.I.unclassified	canada	-0.0647976552786383	0.131071744899234	65	0	0.622851673388514	0.827950675490748
site	PWY.7977..L.methionine.biosynthesis.IV	norway	0.08070357611706	0.163236598200404	65	0	0.622831670750072	0.827950675490748
site	PWY0.1296..purine.ribonucleosides.degradation	russia	-0.110636865413832	0.224054702505869	65	0	0.623254525215742	0.827950675490748
site	PWY0.1296..purine.ribonucleosides.degradation.unclassified	russia	-0.10902554135254	0.220327516162201	65	0	0.622524521053966	0.827950675490748
site	PWY66.429..fatty.acid.biosynthesis.initiation..mitochondria.	russia	-0.0652708419755429	0.134890017017832	65	0	0.63023111119445	0.827950675490748
site	PWY.7229..superpathway.of.adenosine.nucleotides.de.novo.biosynthesis.I.unclassified	canada	-0.0614239589594611	0.129253597903441	65	0	0.636355277034069	0.833952147897949
site	PWY.6126..superpathway.of.adenosine.nucleotides.de.novo.biosynthesis.II.unclassified	canada	-0.0609960071795326	0.129026824565417	65	0	0.63811460446567	0.834218117057559
site	GLYCOLYSIS..glycolysis.I..from.glucose.6.phosphate.	canada	0.0511057231636125	0.115822191673944	65	0	0.660623141787121	0.845085578891832
site	NONOXIPENT.PWY..pentose.phosphate.pathway..non.oxidative.branch..I	norway	0.0920573689971196	0.209829986834105	65	0	0.662437594642648	0.845085578891832
site	PWY.3841..folate.transformations.II..plants.	russia	-0.10567934177317	0.241898574187891	65	0	0.66377057595795	0.845085578891832
site	PWY.6122..5.aminoimidazole.ribonucleotide.biosynthesis.II.unclassified	russia	-0.0566938944706712	0.126603030279081	65	0	0.655904247271213	0.845085578891832
site	PWY.6277..superpathway.of.5.aminoimidazole.ribonucleotide.biosynthesis.unclassified	russia	-0.0566938944706712	0.126603030279081	65	0	0.655904247271213	0.845085578891832
site	PWY.6385..peptidoglycan.biosynthesis.III..mycobacteria..unclassified	russia	-0.0523544710568632	0.118962021730243	65	0	0.661450370950098	0.845085578891832
site	PWY.6386..UDP.N.acetylmuramoyl.pentapeptide.biosynthesis.II..lysine.containing..unclassified	canada	-0.0480373092238055	0.105330433569735	65	0	0.649991192200639	0.845085578891832
site	PWY.6609..adenine.and.adenosine.salvage.III	canada	-0.0638343485569811	0.145862897080918	65	0	0.663224037986229	0.845085578891832
site	PWY.7228..superpathway.of.guanosine.nucleotides.de.novo.biosynthesis.I	canada	-0.0582487242740554	0.132756213786959	65	0	0.662408070667468	0.845085578891832
site	PWY66.429..fatty.acid.biosynthesis.initiation..mitochondria..unclassified	russia	-0.059262585674567	0.130883675007047	65	0	0.652334326342365	0.845085578891832
site	SER.GLYSYN.PWY..superpathway.of.L.serine.and.glycine.biosynthesis.I.unclassified	russia	-0.081097281858586	0.183082078387558	65	0	0.659390620344545	0.845085578891832
site	PWY66.409..superpathway.of.purine.nucleotide.salvage.unclassified	swissAlps	0.0814395937606606	0.19240053583435	65	0	0.673603291123668	0.855571952706839
site	PWY.2942..L.lysine.biosynthesis.III	russia	-0.0724606327929497	0.172679558673101	65	0	0.676258283368492	0.856913569469295
site	NONOXIPENT.PWY..pentose.phosphate.pathway..non.oxidative.branch..I.unclassified	norway	0.0858274051353676	0.206779524668312	65	0	0.679573184765671	0.859083082628301
site	PWY.6123..inosine.5..phosphate.biosynthesis.I	russia	-0.0538498845338032	0.130727154826488	65	0	0.681861779584033	0.859948032604804
site	PWY.6386..UDP.N.acetylmuramoyl.pentapeptide.biosynthesis.II..lysine.containing.	canada	-0.0443917642886703	0.109130368334065	65	0	0.685618949531785	0.860636433135917
site	TRNA.CHARGING.PWY..tRNA.charging.unclassified	canada	-0.0403770313172096	0.0992194563532452	65	0	0.685495242750702	0.860636433135917
site	CALVIN.PWY..Calvin.Benson.Bassham.cycle.unclassified	swissAlps	0.0558994483049835	0.139254039848161	65	0	0.689536613659795	0.863084454313083
site	PWY.3841..folate.transformations.II..plants..unclassified	russia	-0.0959469127472858	0.240041385799328	65	0	0.690789609888643	0.863084454313083
site	PWY66.409..superpathway.of.purine.nucleotide.salvage	swissAlps	0.0774660321317786	0.196060266053856	65	0	0.694160442393454	0.865279063076491
site	PWY.7977..L.methionine.biosynthesis.IV.unclassified	norway	0.0625733430064381	0.159543518427218	65	0	0.696298443747738	0.865930315194403
site	PANTO.PWY..phosphopantothenate.biosynthesis.I	canada	0.0528400509552974	0.137323042102451	65	0	0.701756192258176	0.86870631003757
site	PWY.2942..L.lysine.biosynthesis.III.unclassified	russia	-0.0650930352310145	0.170148109597996	65	0	0.703392795814003	0.86870631003757
site	PWY.6126..superpathway.of.adenosine.nucleotides.de.novo.biosynthesis.II	canada	-0.0501490417723856	0.131053425057865	65	0	0.703323344666368	0.86870631003757
site	PWY.7229..superpathway.of.adenosine.nucleotides.de.novo.biosynthesis.I	canada	-0.0498915516191562	0.131481848122438	65	0	0.705689118960362	0.869538776466101
site	DTDPRHAMSYN.PWY..dTDP..beta..L.rhamnose.biosynthesis.unclassified	russia	0.050263546465487	0.133957808337935	65	0	0.708820595755715	0.871394126892347
site	TRNA.CHARGING.PWY..tRNA.charging	canada	-0.0378779624125782	0.101821224978048	65	0	0.711200088130704	0.872318643565349
site	CALVIN.PWY..Calvin.Benson.Bassham.cycle	swissAlps	0.0525281328761558	0.142071328148032	65	0	0.71288496037035	0.872388901275132
site	DTDPRHAMSYN.PWY..dTDP..beta..L.rhamnose.biosynthesis	russia	0.048845849031971	0.137935861837335	65	0	0.724490420496183	0.882068972895706
site	PEPTIDOGLYCANSYN.PWY..peptidoglycan.biosynthesis.I..meso.diaminopimelate.containing.	russia	-0.0438845886846134	0.12451117504028	65	0	0.725732121356355	0.882068972895706
site	PWY.7953..UDP.N.acetylmuramoyl.pentapeptide.biosynthesis.III..meso.diaminopimelate.containing.	russia	-0.0459689075476173	0.129833871347161	65	0	0.724535581528572	0.882068972895706
site	PWY.6123..inosine.5..phosphate.biosynthesis.I.unclassified	russia	-0.0446212045118388	0.127735662306965	65	0	0.728068721248392	0.882906865586286
site	PANTO.PWY..phosphopantothenate.biosynthesis.I.unclassified	canada	0.0464641737941416	0.134325222221174	65	0	0.73062180711957	0.884002908839931
site	PWY.7953..UDP.N.acetylmuramoyl.pentapeptide.biosynthesis.III..meso.diaminopimelate.containing..unclassified	canada	-0.0371971851714797	0.10898779155977	65	0	0.734072516290251	0.886177632278321
site	PWY.8178..pentose.phosphate.pathway..non.oxidative.branch..II	norway	0.0749732042306686	0.224028889989084	65	0	0.739049702489304	0.890181214683746
site	PWY.7198..pyrimidine.deoxyribonucleotides.de.novo.biosynthesis.IV	russia	-0.0581893229979539	0.183402358021414	65	0	0.752134992857248	0.903911112492118
site	PWY0.162..superpathway.of.pyrimidine.ribonucleotides.de.novo.biosynthesis	russia	-0.0528107770933477	0.168799466983713	65	0	0.75547112884436	0.905889317808897
site	PENTOSE.P.PWY..pentose.phosphate.pathway	norway	0.0591477247944636	0.197447757445388	65	0	0.765547028579282	0.907156688246536
site	PEPTIDOGLYCANSYN.PWY..peptidoglycan.biosynthesis.I..meso.diaminopimelate.containing..unclassified	russia	-0.0364458769056962	0.120456218115468	65	0	0.763267587090889	0.907156688246536
site	PWY.5695..inosine.5..phosphate.degradation	canada	0.0376323186728747	0.126255135532419	65	0	0.766682798088957	0.907156688246536
site	PWY.5695..inosine.5..phosphate.degradation.unclassified	canada	0.0377122137306925	0.124048637461125	65	0	0.762170962297684	0.907156688246536
site	PWY.7953..UDP.N.acetylmuramoyl.pentapeptide.biosynthesis.III..meso.diaminopimelate.containing.	canada	-0.0344894206228214	0.11283189079802	65	0	0.760913289687473	0.907156688246536
site	PWY.8178..pentose.phosphate.pathway..non.oxidative.branch..II.unclassified	norway	0.0661196708352288	0.220634124107342	65	0	0.765456860801638	0.907156688246536
site	PWY.7953..UDP.N.acetylmuramoyl.pentapeptide.biosynthesis.III..meso.diaminopimelate.containing..unclassified	russia	-0.0367931608141994	0.125410527180767	65	0	0.770242752181659	0.909010228544717
site	PWY0.162..superpathway.of.pyrimidine.ribonucleotides.de.novo.biosynthesis.unclassified	russia	-0.0479553604198462	0.164487749314205	65	0	0.771641145499713	0.909010228544717
site	PWY.7198..pyrimidine.deoxyribonucleotides.de.novo.biosynthesis.IV.unclassified	russia	-0.0522007576314553	0.182328868793797	65	0	0.775634589943904	0.911710833793712
site	PENTOSE.P.PWY..pentose.phosphate.pathway.unclassified	norway	0.0539037822639299	0.19416386203382	65	0	0.782258391154279	0.91748467759014
site	ARGSYNBSUB.PWY..L.arginine.biosynthesis.II..acetyl.cycle.	russia	-0.0287535136299111	0.104689488515997	65	0	0.784524648118091	0.918133649325975
site	PWY.6969..TCA.cycle.V..2.oxoglutarate.synthase..unclassified	swissAlps	0.0313753230270157	0.11564804351468	65	0	0.787091494346666	0.9191308082131
site	HISDEG.PWY..L.histidine.degradation.I.unclassified	russia	0.0438586871202755	0.167921067161677	65	0	0.794843267428172	0.926165198568479
site	HISDEG.PWY..L.histidine.degradation.I	russia	0.0434111938889621	0.169910434976909	65	0	0.799214970632969	0.929239098176294
site	PWY66.409..superpathway.of.purine.nucleotide.salvage	russia	-0.0477638433995773	0.196060266053856	65	0	0.808357601454479	0.937834793029439
site	HISTSYN.PWY..L.histidine.biosynthesis	russia	-0.0350997165645557	0.151225622561179	65	0	0.817248897941739	0.943963583146184
site	PENTOSE.P.PWY..pentose.phosphate.pathway.unclassified	swissAlps	0.0336608848140428	0.146613058757335	65	0	0.819191299157913	0.943963583146184
site	PWY.3001..superpathway.of.L.isoleucine.biosynthesis.I	swissAlps	-0.035517119466481	0.152894336124301	65	0	0.817096742090463	0.943963583146184
site	PWY66.409..superpathway.of.purine.nucleotide.salvage.unclassified	russia	-0.0438018626400831	0.19240053583435	65	0	0.820684756989033	0.943963583146184
site	PWY.6969..TCA.cycle.V..2.oxoglutarate.synthase.	swissAlps	0.0263132262753024	0.116775920209101	65	0	0.822487572116132	0.944011431807809
site	UNMAPPED	swissAlps	-0.0239117933920439	0.108043117463067	65	0	0.825596989860053	0.945555526848265
site	PWY.5973..cis.vaccenate.biosynthesis.unclassified	swissAlps	0.0302105799500004	0.138907638479176	65	0	0.828566895772873	0.946933595168998
site	CALVIN.PWY..Calvin.Benson.Bassham.cycle.unclassified	canada	-0.0256534159510321	0.121018471176277	65	0	0.832841606615811	0.947777284811199
site	PWY.7221..guanosine.ribonucleotides.de.novo.biosynthesis.unclassified	canada	-0.0290012839244611	0.135378399438923	65	0	0.831098866269376	0.947777284811199
site	PENTOSE.P.PWY..pentose.phosphate.pathway	swissAlps	0.0305464748441325	0.149092726940106	65	0	0.838357475954846	0.950020311018599
site	PWY.7197..pyrimidine.deoxyribonucleotide.phosphorylation.unclassified	canada	-0.0205159888181786	0.0997380433665545	65	0	0.837722585931055	0.950020311018599
site	ARGSYNBSUB.PWY..L.arginine.biosynthesis.II..acetyl.cycle..unclassified	russia	-0.0201118444391584	0.101603622632812	65	0	0.843757869185242	0.954122822538585
site	PWY.5097..L.lysine.biosynthesis.VI.unclassified	canada	-0.0275546145086784	0.141125785179077	65	0	0.845858006955738	0.954483982585844
site	HISTSYN.PWY..L.histidine.biosynthesis.unclassified	russia	-0.0271608040720553	0.148808510725456	65	0	0.855788524906812	0.958866661210958
site	PWY.3001..superpathway.of.L.isoleucine.biosynthesis.I.unclassified	swissAlps	-0.0272248130919487	0.149408090432283	65	0	0.856026063254254	0.958866661210958
site	PWY.5103..L.isoleucine.biosynthesis.III	russia	-0.0255364400417035	0.141005580708387	65	0	0.85689763194039	0.958866661210958
site	VALSYN.PWY..L.valine.biosynthesis	russia	-0.0238393915821032	0.131253587489131	65	0	0.856486493542765	0.958866661210958
site	PWY.5097..L.lysine.biosynthesis.VI	canada	-0.0253357674661789	0.143378777802075	65	0	0.860335123597703	0.960059426368678
site	PWY.8178..pentose.phosphate.pathway..non.oxidative.branch..II	swissAlps	-0.0296303168873588	0.169164130066537	65	0	0.861545865827116	0.960059426368678
site	BRANCHED.CHAIN.AA.SYN.PWY..superpathway.of.branched.chain.amino.acid.biosynthesis	russia	-0.0225981025721049	0.138187963614199	65	0	0.870649469515269	0.965202996203307
site	GLYCOLYSIS..glycolysis.I..from.glucose.6.phosphate.	norway	0.0285385186498721	0.17649957625346	65	0	0.872091890501047	0.965202996203307
site	ILEUSYN.PWY..L.isoleucine.biosynthesis.I..from.threonine.	russia	-0.0217792466515348	0.136061893206673	65	0	0.873364651415306	0.965202996203307
site	PWY.7221..guanosine.ribonucleotides.de.novo.biosynthesis	canada	-0.0224084410497109	0.137006356226553	65	0	0.870629052552346	0.965202996203307
site	CALVIN.PWY..Calvin.Benson.Bassham.cycle	canada	-0.0186374523484808	0.123466830471884	65	0	0.880520664563382	0.969338221802942
site	PWY.1042..glycolysis.IV	swissAlps	-0.0195001314020811	0.135616060270708	65	0	0.886148747543735	0.969338221802942
site	PWY.5973..cis.vaccenate.biosynthesis	swissAlps	0.0210950557114728	0.143657269598295	65	0	0.883748287915006	0.969338221802942
site	PWY.7977..L.methionine.biosynthesis.IV.unclassified	swissAlps	0.017625746000003	0.120471250399044	65	0	0.884169772078994	0.969338221802942
site	PWY.8178..pentose.phosphate.pathway..non.oxidative.branch..II.unclassified	swissAlps	-0.0242253547621719	0.166600743633687	65	0	0.884874844873007	0.969338221802942
site	HSERMETANA.PWY..L.methionine.biosynthesis.III	swissAlps	-0.0166148365740425	0.121864988265472	65	0	0.89201046196469	0.971572072668355
site	NONOXIPENT.PWY..pentose.phosphate.pathway..non.oxidative.branch..I	swissAlps	-0.0205466913856224	0.15844254366655	65	0	0.897254059647081	0.971572072668355
site	PWY.7790..UMP.biosynthesis.II.unclassified	canada	-0.0112278418025771	0.0853694755675212	65	0	0.895803544951209	0.971572072668355
site	PWY.7791..UMP.biosynthesis.III.unclassified	canada	-0.0112278418025771	0.0853694755675212	65	0	0.895803544951209	0.971572072668355
site	TRNA.CHARGING.PWY..tRNA.charging	russia	-0.0154061473446779	0.117164072415263	65	0	0.895825983040216	0.971572072668355
site	PWY.3841..folate.transformations.II..plants.	canada	0.0266637965724466	0.210221517880985	65	0	0.89949378288516	0.972033604085576
site	PWY.5103..L.isoleucine.biosynthesis.III.unclassified	russia	-0.0166026328444686	0.139352710017862	65	0	0.905561594674393	0.976621760051256
site	PWY.1042..glycolysis.IV.unclassified	swissAlps	-0.0147763492447026	0.134187706657461	65	0	0.91268407304399	0.980358042387933
site	PWY.3841..folate.transformations.II..plants..unclassified	canada	0.0231375512354497	0.208607531674802	65	0	0.912054521399776	0.980358042387933
site	UNMAPPED	norway	-0.0151174080702632	0.143084586943406	65	0	0.916209595866353	0.981683892052248
site	BRANCHED.CHAIN.AA.SYN.PWY..superpathway.of.branched.chain.amino.acid.biosynthesis.unclassified	russia	-0.0138838451420818	0.136651925991748	65	0	0.91941289889968	0.981683892052248
site	NONOXIPENT.PWY..pentose.phosphate.pathway..non.oxidative.branch..I.unclassified	swissAlps	-0.0161376225953034	0.156139140839342	65	0	0.918026612167314	0.981683892052248
site	ARGSYN.PWY..L.arginine.biosynthesis.I..via.L.ornithine.	russia	-0.00978467156545999	0.106707069760914	65	0	0.927244594048644	0.982028772079822
site	ILEUSYN.PWY..L.isoleucine.biosynthesis.I..from.threonine..unclassified	russia	-0.0122903497058537	0.134438966548108	65	0	0.927463764443274	0.982028772079822
site	PWY.5686..UMP.biosynthesis.I.unclassified	canada	-0.00772095013178253	0.0859383097886514	65	0	0.928711269199158	0.982028772079822
site	PWY.5686..UMP.biosynthesis.I.unclassified	russia	0.00825299040726022	0.0988878532299491	65	0	0.933765132520156	0.982028772079822
site	PWY.7197..pyrimidine.deoxyribonucleotide.phosphorylation	canada	-0.0084068622622902	0.101697911942954	65	0	0.934393048061025	0.982028772079822
site	PWY.7790..UMP.biosynthesis.II.unclassified	russia	0.00825299040726045	0.0982333046926364	65	0	0.933324847198413	0.982028772079822
site	PWY.7791..UMP.biosynthesis.III.unclassified	russia	0.00825299040726045	0.0982333046926364	65	0	0.933324847198413	0.982028772079822
site	VALSYN.PWY..L.valine.biosynthesis.unclassified	russia	-0.0119466605597164	0.129731796475937	65	0	0.926935397999243	0.982028772079822
site	PWY.6386..UDP.N.acetylmuramoyl.pentapeptide.biosynthesis.II..lysine.containing.	russia	-0.00912968913687495	0.125574588018886	65	0	0.942284031317166	0.986453595285158
site	TRNA.CHARGING.PWY..tRNA.charging.unclassified	russia	-0.00841664265146851	0.114170258427758	65	0	0.941478329037231	0.986453595285158
site	PWY.6969..TCA.cycle.V..2.oxoglutarate.synthase.	russia	-0.00819522515356096	0.116775920209101	65	0	0.944284520304912	0.986620863320532
site	PWY.1042..glycolysis.IV.unclassified	norway	-0.0112021913493679	0.1777086132907	65	0	0.949946694596948	0.989251795378198
site	SER.GLYSYN.PWY..superpathway.of.L.serine.and.glycine.biosynthesis.I	canada	-0.0100538369683429	0.161256350506869	65	0	0.950493795932411	0.989251795378198
site	PWY.2942..L.lysine.biosynthesis.III.unclassified	canada	-0.00688767486028468	0.147866906551042	65	0	0.963002481715641	0.994604762618294
site	PWY.6700..queuosine.biosynthesis.I..de.novo.	canada	0.0052896292998275	0.10423197727149	65	0	0.959694402900791	0.994604762618294
site	PWY.6700..queuosine.biosynthesis.I..de.novo..unclassified	canada	0.00453947689466502	0.102165746165144	65	0	0.96470722379651	0.994604762618294
site	PWY.7400..L.arginine.biosynthesis.IV..archaebacteria.	norway	0.00837781799482719	0.189669419489901	65	0	0.964915068211778	0.994604762618294
site	SER.GLYSYN.PWY..superpathway.of.L.serine.and.glycine.biosynthesis.I.unclassified	canada	-0.00725261234760699	0.159107148707471	65	0	0.963793839256095	0.994604762618294
site	ARGSYN.PWY..L.arginine.biosynthesis.I..via.L.ornithine..unclassified	russia	-0.00136026113360631	0.103811181981945	65	0	0.989588912329923	0.994862696191008
site	HSERMETANA.PWY..L.methionine.biosynthesis.III.unclassified	swissAlps	0.000890647598468659	0.137752078372371	65	0	0.994862696191008	0.994862696191008
site	PWY.1042..glycolysis.IV	canada	0.00485467604288947	0.11785689161195	65	0	0.96728017198306	0.994862696191008
site	PWY.1042..glycolysis.IV	norway	-0.00116973467026868	0.179600222784756	65	0	0.994825028592148	0.994862696191008
site	PWY.1042..glycolysis.IV.unclassified	canada	0.00381795619118747	0.116615583490744	65	0	0.973990855744479	0.994862696191008
site	PWY.2942..L.lysine.biosynthesis.III	canada	-0.00294364229722013	0.150066857785949	65	0	0.984415153949466	0.994862696191008
site	PWY.5686..UMP.biosynthesis.I	canada	-0.00182990337786271	0.0887083312903833	65	0	0.98361060127746	0.994862696191008
site	PWY.5686..UMP.biosynthesis.I	russia	0.00183111073840403	0.102075273140589	65	0	0.98574717465592	0.994862696191008
site	PWY.6386..UDP.N.acetylmuramoyl.pentapeptide.biosynthesis.II..lysine.containing..unclassified	russia	-0.000966826376900516	0.121202063213796	65	0	0.99366182275776	0.994862696191008
site	PWY.6969..TCA.cycle.V..2.oxoglutarate.synthase..unclassified	russia	-0.00312680402019616	0.11564804351468	65	0	0.97851975823449	0.994862696191008
site	PWY.7400..L.arginine.biosynthesis.IV..archaebacteria..unclassified	norway	0.00273925902894395	0.184469897219942	65	0	0.988201631549494	0.994862696191008
site	PWY.7790..UMP.biosynthesis.II	canada	-0.00182990337786271	0.0887083312903833	65	0	0.98361060127746	0.994862696191008
site	PWY.7790..UMP.biosynthesis.II	russia	0.00183111073840403	0.102075273140589	65	0	0.98574717465592	0.994862696191008
site	PWY.7791..UMP.biosynthesis.III	canada	-0.00182990337786271	0.0887083312903833	65	0	0.98361060127746	0.994862696191008
site	PWY.7791..UMP.biosynthesis.III	russia	0.00183111073840403	0.102075273140589	65	0	0.98574717465592	0.994862696191008
site	PWY.7977..L.methionine.biosynthesis.IV	swissAlps	0.00344488704394419	0.123259893538452	65	0	0.977796251171869	0.994862696191008
